Ibis Budget,Ibis Budget, Scandinavian Park 9  24983 handewitt  deutschland ,https://all.accor.com/hotel/6299/index.de.shtml
Ibis Budget,Ibis Budget, Pascalkehre 10  25451 quickborn  deutschland ,https://all.accor.com/hotel/2645/index.de.shtml
Novotel,Novotel, Fischerinsel 12  10179 berlin  deutschland ,https://all.accor.com/hotel/3278/index.de.shtml
Greet,Greet, BERNHARD WEISS STRASSE 8  10178 berlin  deutschland ,https://all.accor.com/hotel/B9F0/index.de.shtml
Ibis Styles,Ibis Styles, Brunnenstrasse 1-2  10119 berlin  deutschland ,https://all.accor.com/hotel/7091/index.de.shtml
Ibis Budget,Ibis Budget, MOLLSTRASSE 30  10249 berlin  deutschland ,https://all.accor.com/hotel/5513/index.de.shtml
Ibis Hotels,Ibis Hotels, Prenzlauer Allee 4  10405 berlin  deutschland ,https://all.accor.com/hotel/0357/index.de.shtml
Mercure,Mercure, Schuetzenstrasse 11  10117 berlin  deutschland ,https://all.accor.com/hotel/3120/index.de.shtml
Mercure,Mercure, Invalidenstrasse 38  10115 berlin  deutschland ,https://all.accor.com/hotel/5341/index.de.shtml
Ibis Hotels,Ibis Hotels, An der Schillingbrücke 2  10243 berlin  deutschland ,https://all.accor.com/hotel/3108/index.de.shtml
Ibis Budget,Ibis Budget, Anhalter Strasse 6  10963 berlin  deutschland ,https://all.accor.com/hotel/5058/index.de.shtml
Ibis Hotels,Ibis Hotels, Anhalter Strasse 4  10963 berlin  deutschland ,https://all.accor.com/hotel/3752/index.de.shtml
Novotel Suites,Novotel Suites, Anhalter Strasse 2  10963 berlin  deutschland ,https://all.accor.com/hotel/3745/index.de.shtml
Mövenpick,Mövenpick, Schoeneberger Strasse 3  10963 berlin  deutschland ,https://all.accor.com/hotel/B4H7/index.de.shtml
Ibis Hotels,Ibis Hotels, Invalidenstrasse 53  10557 berlin  deutschland ,https://all.accor.com/hotel/8601/index.de.shtml
Mercure,Mercure, Luckenwalder Strasse 11  10963 berlin  deutschland ,https://all.accor.com/hotel/4988/index.de.shtml
So/,So/, Drakestrasse 1  10787 berlin  deutschland ,https://all.accor.com/hotel/B1Y6/index.de.shtml
Ibis Styles,Ibis Styles, Scharnweberstrasse 21-22  10247 berlin  deutschland ,https://all.accor.com/hotel/8444/index.de.shtml
Mercure,Mercure, Stephanstrasse 41  10559 berlin  deutschland ,https://all.accor.com/hotel/A0F7/index.de.shtml
Pullman,Pullman, Budapester Strasse 25  10787 berlin  deutschland ,https://all.accor.com/hotel/5347/index.de.shtml
Mercure,Mercure, Fuggerstr 8  10777 berlin  deutschland ,https://all.accor.com/hotel/9068/index.de.shtml
Ibis Hotels,Ibis Hotels, Bayreuther Strasse 39  10787 berlin  deutschland ,https://all.accor.com/hotel/7961/index.de.shtml
Ibis Budget,Ibis Budget, Bayreuther Strasse 41  10787 berlin  deutschland ,https://all.accor.com/hotel/7968/index.de.shtml
Mercure,Mercure, Wittenbergplatz 3  10789 berlin  deutschland ,https://all.accor.com/hotel/9147/index.de.shtml
Novotel,Novotel, Strasse des 17 Juni 106-108  10623 berlin  deutschland ,https://all.accor.com/hotel/3649/index.de.shtml
Mercure,Mercure, Hermannstrasse  214-216  Eingang Rollbergstrasse  12049 berlin  deutschland ,https://all.accor.com/hotel/1894/index.de.shtml
25Hours,25Hours, Budapester Strasse 40  10787 berlin  deutschland ,https://all.accor.com/hotel/B143/index.de.shtml
Mercure,Mercure, Knesebeckstrasse 38-49  10719 berlin  deutschland ,https://all.accor.com/hotel/7960/index.de.shtml
Adagio,Adagio, Lietzenburger Strasse 89 a  10719 berlin  deutschland ,https://all.accor.com/hotel/7329/index.de.shtml
Ibis Hotels,Ibis Hotels, Alt-Reinickendorf  4-5  13407 berlin  deutschland ,https://all.accor.com/hotel/1573/index.de.shtml
Ibis Hotels,Ibis Hotels, Brandenburgische Strasse 11  10713 berlin-wilmersdorf  deutschland ,https://all.accor.com/hotel/3751/index.de.shtml
Ibis Hotels,Ibis Hotels, Jahnstrasse 13  12347 berlin  deutschland ,https://all.accor.com/hotel/5694/index.de.shtml
Ibis Budget,Ibis Budget, Allee der Kosmonauten 33c  12681 berlin  deutschland ,https://all.accor.com/hotel/2631/index.de.shtml
Ibis Hotels,Ibis Hotels, Messedamm 10  14057 berlin  deutschland ,https://all.accor.com/hotel/0657/index.de.shtml
Mercure,Mercure, Ohmstrasse  4-6  13629 berlin  deutschland ,https://all.accor.com/hotel/0483/index.de.shtml
Ibis Styles,Ibis Styles, Spreestrasse 14  12439 berlin  deutschland ,https://all.accor.com/hotel/B626/index.de.shtml
Ibis Hotels,Ibis Hotels, Klosterstrasse 4  13581 berlin  deutschland ,https://all.accor.com/hotel/3321/index.de.shtml
Ibis Hotels,Ibis Hotels, Heinrich - Hertz - Str1  14532 kleinmachnow  deutschland ,https://all.accor.com/hotel/2768/index.de.shtml
Mercure,Mercure, Hotterstr. 4  80331 muenchen  deutschland ,https://all.accor.com/hotel/3709/index.de.shtml
25Hours,25Hours, Bahnhofplatz 1  80335 muenchen  deutschland ,https://all.accor.com/hotel/B0C8/index.de.shtml
Mercure,Mercure, Senefelder Str. 9  80336 muenchen  deutschland ,https://all.accor.com/hotel/0878/index.de.shtml
Novotel,Novotel, Hochstrasse 11  Bayern  81669 muenchen  deutschland ,https://all.accor.com/hotel/3280/index.de.shtml
Ibis Hotels,Ibis Hotels, Dachauer Strasse 21  80335 muenchen  deutschland ,https://all.accor.com/hotel/1450/index.de.shtml
Adagio,Adagio, Schwanthalerstrasse 61  80336 muenchen  deutschland ,https://all.accor.com/hotel/6913/index.de.shtml
Sofitel,Sofitel, Bayerstrasse 12  80335 muenchen  deutschland ,https://all.accor.com/hotel/5413/index.de.shtml
Ibis Hotels,Ibis Hotels, Arnulfstrasse 55  80636 muenchen  deutschland ,https://all.accor.com/hotel/8865/index.de.shtml
Novotel,Novotel, Arnulfstrasse 57  80636 muenchen  deutschland ,https://all.accor.com/hotel/8866/index.de.shtml
Mercure,Mercure, Leonrodstrasse 79  80636 muenchen  deutschland ,https://all.accor.com/hotel/1702/index.de.shtml
Mercure,Mercure, Leopoldstr. 120  80802 muenchen  deutschland ,https://all.accor.com/hotel/1104/index.de.shtml
Ibis Budget,Ibis Budget, Tegernseer Landstrasse 174 B  81539 muenchen  deutschland ,https://all.accor.com/hotel/3087/index.de.shtml
Ibis Hotels,Ibis Hotels, Westendstrasse 181  80686 muenchen  deutschland ,https://all.accor.com/hotel/6903/index.de.shtml
Ibis Hotels,Ibis Hotels, Berg Am Laim Str 125  81673 muenchen  deutschland ,https://all.accor.com/hotel/9069/index.de.shtml
Pullman,Pullman, Theodor Dombart Strasse 4  80805 muenchen  deutschland ,https://all.accor.com/hotel/8657/index.de.shtml
Ibis Hotels,Ibis Hotels, Ungererstrasse 139  80805 muenchen  deutschland ,https://all.accor.com/hotel/0996/index.de.shtml
Ibis Hotels,Ibis Hotels, Lyonel Feininger Strasse 20  80807 muenchen  deutschland ,https://all.accor.com/hotel/5239/index.de.shtml
Novotel Suites,Novotel Suites, Lyonel Feininger Strasse 22  80807 muenchen  deutschland ,https://all.accor.com/hotel/5229/index.de.shtml
Mercure,Mercure, Kronstadter Straße 12  81677 muenchen  deutschland ,https://all.accor.com/hotel/8667/index.de.shtml
Ibis Styles,Ibis Styles, Kronstadter Strasse 10  81677 muenchen  deutschland ,https://all.accor.com/hotel/8666/index.de.shtml
Ibis Budget,Ibis Budget, Am Oberwiesenfeld 22  80809 muenchen  deutschland ,https://all.accor.com/hotel/8726/index.de.shtml
Adagio Access,Adagio Access, Am Oberwiesenfeld 20  80809 muenchen  deutschland ,https://all.accor.com/hotel/9274/index.de.shtml
Mercure,Mercure, Rudolf-Vogel-Bogen 3  81739 muenchen  deutschland ,https://all.accor.com/hotel/0792/index.de.shtml
Mercure,Mercure, Karl-Marx-Ring 87  81735 muenchen  deutschland ,https://all.accor.com/hotel/1374/index.de.shtml
Ibis Budget,Ibis Budget, Bahnhofstrasse 4  85609 aschheim-dornach  deutschland ,https://all.accor.com/hotel/5626/index.de.shtml
Novotel,Novotel, Willy-Brandt-Platz 1  81829 muenchen riem  deutschland ,https://all.accor.com/hotel/5563/index.de.shtml
Ibis Hotels,Ibis Hotels, Otto  Lilienthal  Ring 2  85622 feldkirchen  deutschland ,https://all.accor.com/hotel/3292/index.de.shtml
Ibis Budget,Ibis Budget, Michael-Haslbeck-Strasse 20  85640 putzbrunn  deutschland ,https://all.accor.com/hotel/2637/index.de.shtml
Ibis Hotels,Ibis Hotels, Daimlerstrasse 5  85748 garching  deutschland ,https://all.accor.com/hotel/3679/index.de.shtml
Ibis Hotels,Ibis Hotels, Ludwigstrasse 42  85399 hallbergmoos  deutschland ,https://all.accor.com/hotel/A061/index.de.shtml
Novotel,Novotel, Nordallee 29  85356 muenchen - flughafen  deutschland ,https://all.accor.com/hotel/6711/index.de.shtml
Ibis Budget,Ibis Budget, Johann Auer Str 5  85435 erding  deutschland ,https://all.accor.com/hotel/8697/index.de.shtml
Mercure,Mercure, Dr-von-Daller-Str 1-3  85356 freising  deutschland ,https://all.accor.com/hotel/A0Q8/index.de.shtml
Ibis Budget,Ibis Budget, Holzbachstrasse 2a  86152 augsburg  deutschland ,https://all.accor.com/hotel/7032/index.de.shtml
Ibis Budget,Ibis Budget, Industriegebiet Nord  Senefelderstr. 17  86368 gersthofen  deutschland ,https://all.accor.com/hotel/2646/index.de.shtml
Ibis Budget,Ibis Budget, Hepberger Weg 6  85101 lenting  deutschland ,https://all.accor.com/hotel/2627/index.de.shtml
Mercure,Mercure, Mittenwalder Str. 2  82467 garmisch-partenkirchen  deutschland ,https://all.accor.com/hotel/2940/index.de.shtml
Sofitel,Sofitel, Opernplatz 16  60313 frankfurt am main  deutschland ,https://all.accor.com/hotel/8159/index.de.shtml
Ibis Styles,Ibis Styles, Moselstrasse 12  60329 frankfurt am main  deutschland ,https://all.accor.com/hotel/7561/index.de.shtml
Mercure,Mercure, Kaiserstr 62  Hessen  60329 frankfurt am main  deutschland ,https://all.accor.com/hotel/8115/index.de.shtml
25Hours,25Hours, Niddastrasse 58  60329 frankfurt  deutschland ,https://all.accor.com/hotel/B142/index.de.shtml
Mercure,Mercure, Duesseldorfer Str 20  60329 frankfurt am main  deutschland ,https://all.accor.com/hotel/9224/index.de.shtml
Ibis Hotels,Ibis Hotels, Speicherstrasse 4  Hessen  60327 frankfurt am main  deutschland ,https://all.accor.com/hotel/1445/index.de.shtml
Mövenpick,Mövenpick, Den Haager Strasse 5  60327 frankfurt am main  deutschland ,https://all.accor.com/hotel/B4I3/index.de.shtml
Ibis Budget,Ibis Budget, Hanauer Landstrasse 118  60314 frankfurt am main  deutschland ,https://all.accor.com/hotel/9066/index.de.shtml
Adagio,Adagio, Hamburger Allee 4  Westend Gate  60486 frankfurt am main  deutschland ,https://all.accor.com/hotel/9939/index.de.shtml
25Hours,25Hours, Hanauer Landstrasse 127  60314 frankfurt am main  deutschland ,https://all.accor.com/hotel/B141/index.de.shtml
Novotel,Novotel, Lise-Meitner-Strasse 2  60486 frankfurt am main  deutschland ,https://all.accor.com/hotel/1049/index.de.shtml
Mercure,Mercure, Voltastr. 29  60486 frankfurt am main  deutschland ,https://all.accor.com/hotel/1204/index.de.shtml
Ibis Hotels,Ibis Hotels, Breitenbachstrasse 7  Hessen  60487 frankfurt  deutschland ,https://all.accor.com/hotel/1589/index.de.shtml
Ibis Styles,Ibis Styles, Kaiserleistrasse 4  OFFENBACH AM MAIN  63067 offenbach  deutschland ,https://all.accor.com/hotel/1739/index.de.shtml
Ibis Hotels,Ibis Hotels, Leonardo-da-Vinci-Allee 40  60486 frankfurt am main  deutschland ,https://all.accor.com/hotel/3682/index.de.shtml
Ibis Budget,Ibis Budget, Sprendlinger Landstrasse 175  63069 offenbach  deutschland ,https://all.accor.com/hotel/2705/index.de.shtml
Mercure,Mercure, Frankfurter Str. 190  63263 neu isenburg  deutschland ,https://all.accor.com/hotel/5381/index.de.shtml
Mercure,Mercure, Helfmann-Park 1  65760 eschborn  deutschland ,https://all.accor.com/hotel/5379/index.de.shtml
Mercure,Mercure, Helfmann-Park 6  65760 eschborn  deutschland ,https://all.accor.com/hotel/0491/index.de.shtml
Mercure,Mercure, Frankfurter Strasse 71-75  65760 eschborn  deutschland ,https://all.accor.com/hotel/3128/index.de.shtml
Mercure,Mercure, Robert Bosch Strasse 26  63225 langen  deutschland ,https://all.accor.com/hotel/B4G0/index.de.shtml
Ibis Hotels,Ibis Hotels, Langer Kornweg 9a-11  65451 kelsterbach  deutschland ,https://all.accor.com/hotel/2203/index.de.shtml
Mercure,Mercure, Im Dammwald 1  61381 friedrichsdorf  deutschland ,https://all.accor.com/hotel/2937/index.de.shtml
Ibis Budget,Ibis Budget, Borsigstrasse 30  65205 wiesbaden  deutschland ,https://all.accor.com/hotel/2710/index.de.shtml
Ibis Hotels,Ibis Hotels, Holzhofstrasse 2  55116 mainz  deutschland ,https://all.accor.com/hotel/1084/index.de.shtml
Ibis Budget,Ibis Budget, Johannes Kepler Strasse 10  55129 mainz  deutschland ,https://all.accor.com/hotel/3077/index.de.shtml
Mercure,Mercure," F7, 5-13  Baden-Wuerttemberg  68159 mannheim  deutschland ",https://all.accor.com/hotel/5410/index.de.shtml
Fairmont,Fairmont, Neuer Jungfernstieg 9 14  20354 hamburg  deutschland ,https://all.accor.com/hotel/A595/index.de.shtml
Ibis Hotels,Ibis Hotels, Holzdamm 4-12 + 16  20099 hamburg  deutschland ,https://all.accor.com/hotel/1395/index.de.shtml
Ibis Budget,Ibis Budget, Amsinckstraße 1  20097 hamburg  deutschland ,https://all.accor.com/hotel/8741/index.de.shtml
Ibis Hotels,Ibis Hotels, Amsinckstraße 3  20097 hamburg  deutschland ,https://all.accor.com/hotel/8740/index.de.shtml
25Hours,25Hours, Osakaallee 12  20457 hamburg  deutschland ,https://all.accor.com/hotel/B140/index.de.shtml
25Hours,25Hours, Ueberseeallee 5  20457 hamburg  deutschland ,https://all.accor.com/hotel/B138/index.de.shtml
Mercure,Mercure, Schroederstiftstr. 3  20146 hamburg  deutschland ,https://all.accor.com/hotel/5394/index.de.shtml
Ibis Hotels,Ibis Hotels, Simon- von- Utrecht Strasse 63  20359 hamburg  deutschland ,https://all.accor.com/hotel/3680/index.de.shtml
Ibis Budget,Ibis Budget, Simon-von-Utrecht-Strasse 64  20359 hamburg  deutschland ,https://all.accor.com/hotel/5251/index.de.shtml
Mövenpick,Mövenpick, Sternschanze 6  20357 hamburg  deutschland ,https://all.accor.com/hotel/B4I2/index.de.shtml
Novotel Suites,Novotel Suites, Lübeckertordamm 2  20099 hamburg  deutschland ,https://all.accor.com/hotel/3756/index.de.shtml
Mercure,Mercure, Amsinckstr. 53  20097 hamburg  deutschland ,https://all.accor.com/hotel/1163/index.de.shtml
Novotel,Novotel, Luebecker Strasse 3  22087 hamburg  deutschland ,https://all.accor.com/hotel/3737/index.de.shtml
Ibis Budget,Ibis Budget, Holstenkamp 3  22525 hamburg  deutschland ,https://all.accor.com/hotel/2711/index.de.shtml
Ibis Styles,Ibis Styles, Holsteinischer Kamp 59  22081 hamburg  deutschland ,https://all.accor.com/hotel/4993/index.de.shtml
Ibis Hotels,Ibis Hotels, Pappelallee 61  22089 hamburg  deutschland ,https://all.accor.com/hotel/3282/index.de.shtml
Ibis Styles,Ibis Styles, Fuhlsbüttler Strasse 32  22305 hamburg  deutschland ,https://all.accor.com/hotel/B2A2/index.de.shtml
Ibis Budget,Ibis Budget, Wandsbeker Zollstrasse 25-29  22041 hamburg  deutschland ,https://all.accor.com/hotel/5194/index.de.shtml
Mercure,Mercure, Albert Einstein Ring 2  22761 hamburg  deutschland ,https://all.accor.com/hotel/1659/index.de.shtml
Ibis Hotels,Ibis Hotels, Alsterkrugchaussee 445  22335 hamburg  deutschland ,https://all.accor.com/hotel/3694/index.de.shtml
Mgallery by Sofitel,Mgallery by Sofitel, Kurt-Hackenberg-Platz 1  50667 koeln  deutschland ,https://all.accor.com/hotel/1306/index.de.shtml
Ibis Hotels,Ibis Hotels, Bahnhofsvorplatz  50667 koeln  deutschland ,https://all.accor.com/hotel/0739/index.de.shtml
Pullman,Pullman, Helenenstrasse 14  50667 koeln  deutschland ,https://all.accor.com/hotel/5366/index.de.shtml
Adagio,Adagio, Blaubach 3  50676 köln  deutschland ,https://all.accor.com/hotel/8288/index.de.shtml
25Hours,25Hours, Im Klapperhof 22-24  50670 köln  deutschland ,https://all.accor.com/hotel/B0C9/index.de.shtml
Mercure,Mercure, Friesenstr. 44-48  50670 koeln  deutschland ,https://all.accor.com/hotel/5364/index.de.shtml
Mercure,Mercure, Severinstr. 199  Einfahrt Tiefgarage:  Kleine Spitzengasse  50676 koeln  deutschland ,https://all.accor.com/hotel/1206/index.de.shtml
Mercure,Mercure, Belfortstrasse 9  50668 koeln  deutschland ,https://all.accor.com/hotel/A004/index.de.shtml
Novotel,Novotel, Bayenstrasse 51  50678 koeln  deutschland ,https://all.accor.com/hotel/3127/index.de.shtml
Ibis Hotels,Ibis Hotels, Neue Weyerstrasse 4  50676 koeln  deutschland ,https://all.accor.com/hotel/1449/index.de.shtml
Ibis Styles,Ibis Styles, Barbarossaplatz 4a  50674 koeln  deutschland ,https://all.accor.com/hotel/8743/index.de.shtml
Ibis Hotels,Ibis Hotels, Bruegelmannstr.1  50679 koeln  deutschland ,https://all.accor.com/hotel/3744/index.de.shtml
Ibis Budget,Ibis Budget, Brügelmannstrasse 7  50679 koeln  deutschland ,https://all.accor.com/hotel/7843/index.de.shtml
Ibis Hotels,Ibis Hotels, Alter Deutzer Postweg 95  51149 koeln  deutschland ,https://all.accor.com/hotel/5008/index.de.shtml
Ibis Budget,Ibis Budget, Alter Deutzer Postweg 100  51149 koeln  deutschland ,https://all.accor.com/hotel/2669/index.de.shtml
Mercure,Mercure, Horbeller Str.1  50858 koeln  deutschland ,https://all.accor.com/hotel/0705/index.de.shtml
Ibis Budget,Ibis Budget, Toyota-Allee 40-42  50858 koeln  deutschland ,https://all.accor.com/hotel/2689/index.de.shtml
Ibis Hotels,Ibis Hotels, Europaallee 3a  50226 frechen  deutschland ,https://all.accor.com/hotel/2167/index.de.shtml
Ibis Budget,Ibis Budget, Manforter Str. 29  51373 leverkusen  deutschland ,https://all.accor.com/hotel/2635/index.de.shtml
Ibis Hotels,Ibis Hotels, Vorgebirgsstrasse 33  53119 bonn  deutschland ,https://all.accor.com/hotel/1441/index.de.shtml
Mercure,Mercure, Max Habermann Strasse 2  53123 bonn  deutschland ,https://all.accor.com/hotel/0676/index.de.shtml
Mercure,Mercure, Navigation: Am Derikumer Hof 8  Am Derikumer Hof 1  Navigation Am Derikumer Hof 8  41469 neuss  deutschland ,https://all.accor.com/hotel/0497/index.de.shtml
Ibis Hotels,Ibis Hotels, Ludwig Erhard Allee 2  40227 duesseldorf  deutschland ,https://all.accor.com/hotel/1443/index.de.shtml
Ibis Hotels,Ibis Hotels, Konrad-Adenauer-Platz 14  40210 duesseldorf  deutschland ,https://all.accor.com/hotel/0793/index.de.shtml
Mercure,Mercure, Am Stresemannplatz 1  40210 duesseldorf  deutschland ,https://all.accor.com/hotel/5373/index.de.shtml
Novotel,Novotel, Niederkasseler Lohweg 179  40547 duesseldorf  deutschland ,https://all.accor.com/hotel/3279/index.de.shtml
Mercure,Mercure, Joseph-von-Goerres-Strasse 21  52068 aachen  deutschland ,https://all.accor.com/hotel/0482/index.de.shtml
Novotel,Novotel, Peterstrasse 66  52062 aachen  deutschland ,https://all.accor.com/hotel/3557/index.de.shtml
Mercure,Mercure, Peterstrasse 1  52062 aachen  deutschland ,https://all.accor.com/hotel/5326/index.de.shtml
Ibis Hotels,Ibis Hotels, Bahnhofsvorplatz  50667 koeln  deutschland ,https://all.accor.com/hotel/0739/index.de.shtml?dateIn=&nights=&compositions=1&stayplus=false#origin=accor
Mgallery by Sofitel,Mgallery by Sofitel, Kurt-Hackenberg-Platz 1  50667 koeln  deutschland ,https://all.accor.com/hotel/1306/index.de.shtml?dateIn=&nights=&compositions=1&stayplus=false#section-description
Mercure,Mercure, Willy Brandt-Allee 3  30169 hannover  deutschland ,https://all.accor.com/hotel/1016/index.de.shtml
Ibis Budget,Ibis Budget, Runde Strasse 7  30161 hannover  deutschland ,https://all.accor.com/hotel/3518/index.de.shtml
Novotel Suites,Novotel Suites, Rundestrasse 9  30161 hannover  deutschland ,https://all.accor.com/hotel/3755/index.de.shtml
Mercure,Mercure, Postkamp 10  Niedersachsen  30159 hannover  deutschland ,https://all.accor.com/hotel/5391/index.de.shtml
Novotel,Novotel, Podbielskistrasse 21/23  30163 hannover  deutschland ,https://all.accor.com/hotel/5390/index.de.shtml
Ibis Hotels,Ibis Hotels, Vahrenwalder Strasse 113  30165 hannover  deutschland ,https://all.accor.com/hotel/3365/index.de.shtml
Mercure,Mercure, Feodor-Lynen- Str. 1  30625 hannover  deutschland ,https://all.accor.com/hotel/1631/index.de.shtml
Ibis Hotels,Ibis Hotels, Feodor-Lynen-Strasse 1  30625 hannover  deutschland ,https://all.accor.com/hotel/1632/index.de.shtml
Mercure,Mercure, Eichsfelder Str. 4  30419 hannover  deutschland ,https://all.accor.com/hotel/2129/index.de.shtml
Mercure,Mercure, Oldenburger Allee 1  30659 hannover  deutschland ,https://all.accor.com/hotel/A008/index.de.shtml
Ibis Budget,Ibis Budget, Magdeburger Strasse 4  30880 laatzen  deutschland ,https://all.accor.com/hotel/2685/index.de.shtml
Ibis Budget,Ibis Budget, Rostocker Strasse 8  30823 garbsen  deutschland ,https://all.accor.com/hotel/2625/index.de.shtml
Novotel,Novotel, Bahnhofsallee 38  31134 hildesheim  deutschland ,https://all.accor.com/hotel/5396/index.de.shtml
Ibis Styles,Ibis Styles, Zingel 26  31134 hildesheim  deutschland ,https://all.accor.com/hotel/8595/index.de.shtml
Mercure,Mercure, 164er Ring 3  31785 hameln  deutschland ,https://all.accor.com/hotel/5397/index.de.shtml
Mercure,Mercure, Koenigstrasse 3-7  32545 bad oeynhausen  deutschland ,https://all.accor.com/hotel/2091/index.de.shtml
Ibis Hotels,Ibis Hotels, Marienplatz 8-10  70178 stuttgart  deutschland ,https://all.accor.com/hotel/3284/index.de.shtml
Mercure,Mercure, Heilbronner Str. 88  70191 stuttgart  deutschland ,https://all.accor.com/hotel/5424/index.de.shtml
Ibis Hotels,Ibis Hotels, Presselstrasse 15  70191 stuttgart  deutschland ,https://all.accor.com/hotel/2202/index.de.shtml
Ibis Budget,Ibis Budget, Siemensstrasse 28  70469 stuttgart  deutschland ,https://all.accor.com/hotel/5441/index.de.shtml
Ibis Styles,Ibis Styles, Teinacher Strasse 20  70372 stuttgart  deutschland ,https://all.accor.com/hotel/1704/index.de.shtml
Mercure,Mercure, Schuetzenbuehlstrasse 16  70435 stuttgart  deutschland ,https://all.accor.com/hotel/A7M5/index.de.shtml
Ibis Styles,Ibis Styles, Ruppmannstrasse 20  70565 stuttgart  deutschland ,https://all.accor.com/hotel/A6Q4/index.de.shtml
Mercure,Mercure, Eichwiesenring 1/1  70567 stuttgart  deutschland ,https://all.accor.com/hotel/1574/index.de.shtml
Pullman,Pullman, Vollmoellerstrasse 5  VAIHINGEN  70563 stuttgart  deutschland ,https://all.accor.com/hotel/5425/index.de.shtml
Mercure,Mercure, Dieselstrasse 2  70839 gerlingen  deutschland ,https://all.accor.com/hotel/7563/index.de.shtml
Ibis Hotels,Ibis Hotels, Heilbronner Strasse 4  70771 leinfelden-echterdingen  deutschland ,https://all.accor.com/hotel/7191/index.de.shtml
Mövenpick,Mövenpick, Flughafenstrasse 43  70629 stuttgart  deutschland ,https://all.accor.com/hotel/B4T0/index.de.shtml
Mövenpick,Mövenpick, Flughafenstrasse 50  70629 stuttgart  deutschland ,https://all.accor.com/hotel/B4I4/index.de.shtml
Ibis Budget,Ibis Budget, Pflugfelder Strasse 18  71636 ludwigsburg  deutschland ,https://all.accor.com/hotel/8845/index.de.shtml
Mercure,Mercure, Schwertstr. 65  71065 sindelfingen  deutschland ,https://all.accor.com/hotel/2939/index.de.shtml
Mercure,Mercure, Wilhelm-Haspel-Str. 101  71065 sindelfingen  deutschland ,https://all.accor.com/hotel/2938/index.de.shtml
Ibis Styles,Ibis Styles, Rainaeckerstrasse 61  70794 filderstadt  deutschland ,https://all.accor.com/hotel/A0Q6/index.de.shtml
Mercure,Mercure, Otto-Lilienthal-Str. 18  71034 boeblingen  deutschland ,https://all.accor.com/hotel/0485/index.de.shtml
Novotel,Novotel, 8 Place Marguerite de Navarre  75001 paris  frankreich ,https://all.accor.com/hotel/0785/index.de.shtml
Mercure,Mercure, 20 Rue Du Sommerard  75005 paris  frankreich ,https://all.accor.com/hotel/9685/index.de.shtml
Mercure,Mercure, 14 rue de la Sorbonne  75005 paris  frankreich ,https://all.accor.com/hotel/2897/index.de.shtml
Ibis Hotels,Ibis Hotels, 15 rue Breguet  75011 paris  frankreich ,https://all.accor.com/hotel/1399/index.de.shtml
Ibis Hotels,Ibis Hotels, 14 RUE RAMPON  75011 paris  frankreich ,https://all.accor.com/hotel/A013/index.de.shtml
Ibis Styles,Ibis Styles," 9, rue Leon Jouhaux  75010 paris  frankreich ",https://all.accor.com/hotel/0751/index.de.shtml
Mgallery by Sofitel,Mgallery by Sofitel, 38 Rue De L Echiquier  75010 paris  frankreich ,https://all.accor.com/hotel/9375/index.de.shtml
Adagio Access,Adagio Access, 11 rue Moreau  75012 paris  frankreich ,https://all.accor.com/hotel/9104/index.de.shtml
Ibis Hotels,Ibis Hotels, 41/43 avenue Ledru Rollin  75012 paris  frankreich ,https://all.accor.com/hotel/1937/index.de.shtml
Mercure,Mercure, 95 Rue de Richelieu  75002 paris  frankreich ,https://all.accor.com/hotel/1614/index.de.shtml
Ibis Styles,Ibis Styles, 52 Avenue Ledru Rollin  75012 paris  frankreich ,https://all.accor.com/hotel/B625/index.de.shtml
Other brand,Other brand, 221 rue Saint Honore  75001 paris  frankreich ,https://all.accor.com/hotel/B793/index.de.shtml
Ibis Styles,Ibis Styles," 3, rue de Trévise  75009 paris  frankreich ",https://all.accor.com/hotel/B8G7/index.de.shtml
Mercure,Mercure, 7 Rue De Trevise  75009 paris  frankreich ,https://all.accor.com/hotel/B8G5/index.de.shtml
Mercure,Mercure, 5  rue de Montyon  75009 paris  frankreich ,https://all.accor.com/hotel/0981/index.de.shtml
Mercure,Mercure, 42 rue des Petites Ecuries  75010 paris  frankreich ,https://all.accor.com/hotel/9688/index.de.shtml
Mgallery,Mgallery, 22  rue Danielle Casanova  75002 paris  frankreich ,https://all.accor.com/hotel/1610/index.de.shtml
Mercure,Mercure, 3 Rue Parrot  75012 paris  frankreich ,https://all.accor.com/hotel/B6F9/index.de.shtml
Ibis Hotels,Ibis Hotels, 38 Rue du Faubourg Montmartre  75009 paris  frankreich ,https://all.accor.com/hotel/2953/index.de.shtml
Mercure,Mercure, 2 place Louis Armand  75012 paris  frankreich ,https://all.accor.com/hotel/2217/index.de.shtml
Ibis Hotels,Ibis Hotels, 13 Rue Trousseau  75011 paris  frankreich ,https://all.accor.com/hotel/3577/index.de.shtml
Ibis Styles,Ibis Styles, 4 Rue Sibour  75010 paris  frankreich ,https://all.accor.com/hotel/B5D8/index.de.shtml
Ibis Hotels,Ibis Hotels, 5 Rue Saint Laurent  75010 paris  frankreich ,https://all.accor.com/hotel/A9V3/index.de.shtml
Ibis Styles,Ibis Styles, 28 bis Boulevard Diderot  75012 paris  frankreich ,https://all.accor.com/hotel/B6W6/index.de.shtml
Ibis Hotels,Ibis Hotels," 6, Rue St Laurent  75010 paris  frankreich ",https://all.accor.com/hotel/2023/index.de.shtml
Ibis Styles,Ibis Styles, 87 Boulevard de Strasbourg  75010 paris  frankreich ,https://all.accor.com/hotel/2753/index.de.shtml
Mercure,Mercure, 1-3 Cour de la Ferme St Lazare  Angle 79/81 boulevard Magenta  75010 paris  frankreich ,https://all.accor.com/hotel/6223/index.de.shtml
Mercure,Mercure, 53 rue Richard Lenoir  75011 paris  frankreich ,https://all.accor.com/hotel/7847/index.de.shtml
Novotel,Novotel, 2 rue Hector Malot  75012 paris  frankreich ,https://all.accor.com/hotel/1735/index.de.shtml
Sofitel,Sofitel, 1  rue Scribe  75009 paris  frankreich ,https://all.accor.com/hotel/0663/index.de.shtml
Ibis Hotels,Ibis Hotels, 31 Bis  Boulevard Diderot  75012 paris  frankreich ,https://all.accor.com/hotel/3211/index.de.shtml
Ibis Hotels,Ibis Hotels, 19 Rue Buffault  75009 paris  frankreich ,https://all.accor.com/hotel/7402/index.de.shtml
Mercure,Mercure, 64 Rue Crozatier  75012 paris  frankreich ,https://all.accor.com/hotel/8652/index.de.shtml
Mercure,Mercure, 207 boulevard Raspail  75014 paris  frankreich ,https://all.accor.com/hotel/0351/index.de.shtml
Ibis Hotels,Ibis Hotels," 122, rue La Fayette  75010 paris  frankreich ",https://all.accor.com/hotel/0863/index.de.shtml
Ibis Styles,Ibis Styles, 11 Bis Rue Pierre Semard  75009 paris  frankreich ,https://all.accor.com/hotel/7952/index.de.shtml
Adagio,Adagio, 43 Rue Caumartin  75009 paris  frankreich ,https://all.accor.com/hotel/6988/index.de.shtml
Mgallery by Sofitel,Mgallery by Sofitel, 22 24 Rue Faidherbe  75011 paris  frankreich ,https://all.accor.com/hotel/A064/index.de.shtml
Ibis Hotels,Ibis Hotels, 31 33 Rue De Saint Quentin  75010 paris  frankreich ,https://all.accor.com/hotel/9292/index.de.shtml
Sofitel,Sofitel," 15, rue Boissy d'Anglas  75008 paris  frankreich ",https://all.accor.com/hotel/1295/index.de.shtml
Ibis Styles,Ibis Styles, 11 Rue de Dunkerque  75010 paris  frankreich ,https://all.accor.com/hotel/8245/index.de.shtml
25Hours,25Hours, 12 Boulevard de Denain  75010 paris  frankreich ,https://all.accor.com/hotel/B385/index.de.shtml
Novotel,Novotel, 64 74 Boulevard de Belleville  75020 paris  frankreich ,https://all.accor.com/hotel/B4F3/index.de.shtml
Ibis Hotels,Ibis Hotels," 80, rue de la Folie Régnault  75011 paris  frankreich ",https://all.accor.com/hotel/2076/index.de.shtml
Ibis Styles,Ibis Styles, 1 et 3  rue de Château Landon  75010 paris  frankreich ,https://all.accor.com/hotel/2730/index.de.shtml
Ibis Hotels,Ibis Hotels, 9 rue de Reuilly  75012 paris  frankreich ,https://all.accor.com/hotel/8643/index.de.shtml
Mercure,Mercure," 6, boulevard Vincent Auriol  75013 paris  frankreich ",https://all.accor.com/hotel/0934/index.de.shtml
Mercure,Mercure, 175 rue la Fayette  75010 paris  frankreich ,https://all.accor.com/hotel/8575/index.de.shtml
Adagio Access,Adagio Access, 13 Rue De Reuilly  75012 paris  frankreich ,https://all.accor.com/hotel/8984/index.de.shtml
Ibis Hotels,Ibis Hotels, 22 Avenue du Maine  75015 paris  frankreich ,https://all.accor.com/hotel/5302/index.de.shtml
Ibis Hotels,Ibis Hotels," 25, avenue Stephen Pichon  75013 paris  frankreich ",https://all.accor.com/hotel/1803/index.de.shtml
Mercure,Mercure, 4 rue de l 'Isly  75008 paris  frankreich ,https://all.accor.com/hotel/1913/index.de.shtml
Mercure,Mercure, 20 rue de la Gaité  75014 paris  frankreich ,https://all.accor.com/hotel/0905/index.de.shtml
Ibis Hotels,Ibis Hotels," 12, rue Louis Blanc  75010 paris  frankreich ",https://all.accor.com/hotel/0900/index.de.shtml
Ibis Hotels,Ibis Hotels, 197-199 rue La Fayette  75010 paris  frankreich ,https://all.accor.com/hotel/1823/index.de.shtml
Ibis Styles,Ibis Styles, 3 rue Frochot  75009 paris  frankreich ,https://all.accor.com/hotel/8465/index.de.shtml
Mercure,Mercure, 25 boulevard Auguste Blanqui  75013 paris  frankreich ,https://all.accor.com/hotel/1191/index.de.shtml
Novotel,Novotel, 85 rue de Bercy  75012 paris  frankreich ,https://all.accor.com/hotel/0935/index.de.shtml
Adagio Access,Adagio Access, 12 rue Pierre Bayle  75020 paris  frankreich ,https://all.accor.com/hotel/8364/index.de.shtml
Ibis Hotels,Ibis Hotels," 100, Boulevard Rochechouart  75018 paris  frankreich ",https://all.accor.com/hotel/0694/index.de.shtml
Ibis Styles,Ibis Styles, 77 rue de Bercy  75012 paris  frankreich ,https://all.accor.com/hotel/0941/index.de.shtml
Adagio,Adagio, 10 place Charles Dullin  75018 paris  frankreich ,https://all.accor.com/hotel/6792/index.de.shtml
Mercure,Mercure, 21 Boulevard De Clichy  75009 paris  frankreich ,https://all.accor.com/hotel/A025/index.de.shtml
Ibis Hotels,Ibis Hotels, 15 bis Avenue d'Italie  75013 paris  frankreich ,https://all.accor.com/hotel/5543/index.de.shtml
Ibis Styles,Ibis Styles, 22 Rue Barrault  75013 paris  frankreich ,https://all.accor.com/hotel/A4A6/index.de.shtml
Ibis Hotels,Ibis Hotels, 71 boulevard de Vaugirard  75015 paris  frankreich ,https://all.accor.com/hotel/1875/index.de.shtml
Ibis Hotels,Ibis Hotels," 160, rue du Château  75014 paris  frankreich ",https://all.accor.com/hotel/0803/index.de.shtml
Novotel,Novotel, 17 rue du Cotentin  75015 paris  frankreich ,https://all.accor.com/hotel/5060/index.de.shtml
Ibis Styles,Ibis Styles, 9 Rue De Constantinople  75008 paris  frankreich ,https://all.accor.com/hotel/A8R1/index.de.shtml
Ibis Hotels,Ibis Hotels," 177, rue de Tolbiac  75013 paris  frankreich ",https://all.accor.com/hotel/0923/index.de.shtml
Adagio,Adagio, 129- 131 Boulevard Haussmann  75008 paris  frankreich ,https://all.accor.com/hotel/6793/index.de.shtml
Ibis Styles,Ibis Styles, 22 rue Hippolyte Maindron  75014 paris  frankreich ,https://all.accor.com/hotel/8282/index.de.shtml
Ibis Styles,Ibis Styles, 21 Rue De Tolbiac  75013 paris  frankreich ,https://all.accor.com/hotel/7976/index.de.shtml
Mercure,Mercure, 3  rue Caulaincourt  75018 paris  frankreich ,https://all.accor.com/hotel/0373/index.de.shtml
Ibis Hotels,Ibis Hotels," 5, rue Caulaincourt  75018 paris  frankreich ",https://all.accor.com/hotel/0697/index.de.shtml
Ibis Styles,Ibis Styles, 32 Rue des Plantes  75014 paris  frankreich ,https://all.accor.com/hotel/8078/index.de.shtml
Adagio,Adagio, 3 - 5 Cours du 7ème Art  75019 paris  frankreich ,https://all.accor.com/hotel/6791/index.de.shtml
Ibis Budget,Ibis Budget," 57-63, Avenue Jean Jaurès  75019 paris  frankreich ",https://all.accor.com/hotel/4982/index.de.shtml
Jo&Joe,Jo&Joe, 61  Rue De Buzenval  75020 paris  frankreich ,https://all.accor.com/hotel/B431/index.de.shtml
Ibis Styles,Ibis Styles, 4 Rue Petit  75019 paris  frankreich ,https://all.accor.com/hotel/9586/index.de.shtml
Ibis Hotels,Ibis Hotels," 19, place des Vins de France  75012 paris  frankreich ",https://all.accor.com/hotel/1743/index.de.shtml
Adagio,Adagio, 1-7 Cour du Minervois  75012 paris  frankreich ,https://all.accor.com/hotel/6789/index.de.shtml
Ibis Hotels,Ibis Hotels," 2, rue Cambronne  75015 paris  frankreich ",https://all.accor.com/hotel/1400/index.de.shtml
Ibis Styles,Ibis Styles, 166 Boulevard de Grenelle  75015 paris  frankreich ,https://all.accor.com/hotel/A028/index.de.shtml
Mama Shelter,Mama Shelter, 109 Rue De Bagnolet  75020 paris  frankreich ,https://all.accor.com/hotel/9921/index.de.shtml
Pullman,Pullman, 1 rue de Libourne  75012 paris  frankreich ,https://all.accor.com/hotel/2192/index.de.shtml
Adagio,Adagio, 15 Ter Rue Lamblardie  75012 paris  frankreich ,https://all.accor.com/hotel/A0X1/index.de.shtml
Mercure,Mercure, 10 Rue Gager Gabillot  75015 paris  frankreich ,https://all.accor.com/hotel/B7S9/index.de.shtml
Ibis Hotels,Ibis Hotels," 49, rue des Plantes  75014 paris  frankreich ",https://all.accor.com/hotel/0959/index.de.shtml
Ibis Styles,Ibis Styles, 82 84 rue Regnault  75013 paris  frankreich ,https://all.accor.com/hotel/9525/index.de.shtml
Novotel,Novotel, 257 rue de Vaugirard  75015 paris  frankreich ,https://all.accor.com/hotel/1978/index.de.shtml
Mercure,Mercure, 185 Boulevard Brune  75014 paris  frankreich ,https://all.accor.com/hotel/9734/index.de.shtml
Sofitel,Sofitel, 14  rue Beaujon  75008 paris  frankreich ,https://all.accor.com/hotel/1296/index.de.shtml
Pullman,Pullman, 18 avenue de Suffren  Entrée au 22 rue Jean Rey  75015 paris  frankreich ,https://all.accor.com/hotel/7229/index.de.shtml
Raffles,Raffles, 37 Avenue Hoche  75008 paris  frankreich ,https://all.accor.com/hotel/A5D5/index.de.shtml
Ibis Styles,Ibis Styles, 36 Rue De La Croix Saint Simon  75020 paris  frankreich ,https://all.accor.com/hotel/A0Y0/index.de.shtml
Ibis Styles,Ibis Styles, 96 Cours De Vincennes  75012 paris  frankreich ,https://all.accor.com/hotel/B1P0/index.de.shtml
Ibis Styles,Ibis Styles, 219 Rue De Crimee  75019 paris  frankreich ,https://all.accor.com/hotel/9733/index.de.shtml
Mercure,Mercure, 64 boulevard de Grenelle  75015 paris  frankreich ,https://all.accor.com/hotel/1598/index.de.shtml
Mercure,Mercure, 20 rue Jean Rey  75015 paris  frankreich ,https://all.accor.com/hotel/2175/index.de.shtml
Ibis Styles,Ibis Styles, 77 rue du Ruisseau  75018 paris  frankreich ,https://all.accor.com/hotel/7941/index.de.shtml
Ibis Hotels,Ibis Hotels," 13, rue du Val de Marne  94250 gentilly  frankreich ",https://all.accor.com/hotel/0634/index.de.shtml
Ibis Styles,Ibis Styles, 12 Av. Porte d'Italie  75013 paris  frankreich ,https://all.accor.com/hotel/B2U6/index.de.shtml
Ibis Hotels,Ibis Hotels, 70 Bis Boulevard Ornano  75018 paris  frankreich ,https://all.accor.com/hotel/3197/index.de.shtml
Tribe,Tribe, 176 Rue Cardinet  75017 paris  frankreich ,https://all.accor.com/hotel/B6S4/index.de.shtml
Ibis Budget,Ibis Budget, 15-21 Boulevard Romain Rolland  75014 paris  frankreich ,https://all.accor.com/hotel/2559/index.de.shtml
Novotel,Novotel," 15, 17, 21 boulevard Romain  Rolland  75014 paris  frankreich ",https://all.accor.com/hotel/1834/index.de.shtml
HotelF1,HotelF1," 23, Ave de la Porte de Châtillon  75014 paris  frankreich ",https://all.accor.com/hotel/5010/index.de.shtml
Mercure,Mercure, 3 rue Brey  75017 paris  frankreich ,https://all.accor.com/hotel/2053/index.de.shtml
Ibis Styles,Ibis Styles, 41 avenue aristide Briand  92120 montrouge  frankreich ,https://all.accor.com/hotel/7573/index.de.shtml
Mercure,Mercure, 13 rue Francois Ory  92120 montrouge  frankreich ,https://all.accor.com/hotel/0374/index.de.shtml
Ibis Budget,Ibis Budget," 6/15, Rue Elisée Reclus  94270 le kremlin bicetre  frankreich ",https://all.accor.com/hotel/5269/index.de.shtml
Ibis Hotels,Ibis Hotels, 33 rue Barbès  92120 montrouge  frankreich ,https://all.accor.com/hotel/0635/index.de.shtml
Novotel,Novotel, 22  rue Voltaire  94270 le kremlin bicetre  frankreich ,https://all.accor.com/hotel/5586/index.de.shtml
Ibis Hotels,Ibis Hotels," 105, rue Brancion  75015 paris  frankreich ",https://all.accor.com/hotel/1936/index.de.shtml
Ibis Budget,Ibis Budget," 20, rue Voltaire  94270 le kremlin bicetre  frankreich ",https://all.accor.com/hotel/6031/index.de.shtml
Ibis Hotels,Ibis Hotels," 31-35, quai de l'Oise  75019 paris  frankreich ",https://all.accor.com/hotel/1401/index.de.shtml
Sofitel,Sofitel, 88 Bis Avenue Kleber  75116 paris  frankreich ,https://all.accor.com/hotel/2789/index.de.shtml
Ibis Hotels,Ibis Hotels, 111 Boulevard Poniatowski  75012 paris  frankreich ,https://all.accor.com/hotel/5038/index.de.shtml
Ibis Budget,Ibis Budget," 2, place de l'Europe  Paris Bercy 2  94220 charenton le pont  frankreich ",https://all.accor.com/hotel/2587/index.de.shtml
Adagio,Adagio, 28 Boulevard D Indochine  75019 paris  frankreich ,https://all.accor.com/hotel/B2R6/index.de.shtml
Novotel Suites,Novotel Suites, 4 Boulevard Brune  75014 paris  frankreich ,https://all.accor.com/hotel/9400/index.de.shtml
Ibis Hotels,Ibis Hotels," 2, Place de l' Europe  94220 charenton le pont  frankreich ",https://all.accor.com/hotel/2041/index.de.shtml
Ibis Hotels,Ibis Hotels, 5 Rue Eugène Gibez  75015 paris  frankreich ,https://all.accor.com/hotel/3267/index.de.shtml
Novotel Suites,Novotel Suites, 22 Avenue du professeur lemierre  75020 paris  frankreich ,https://all.accor.com/hotel/3239/index.de.shtml
Ibis Budget,Ibis Budget," 278-280, Rue de Paris  93100 montreuil  frankreich ",https://all.accor.com/hotel/5037/index.de.shtml
Mercure,Mercure, 27 avenue des Ternes  75017 paris  frankreich ,https://all.accor.com/hotel/0372/index.de.shtml
Ibis Hotels,Ibis Hotels," 2, avenue du Professeur André  Lemierre  75020 paris  frankreich ",https://all.accor.com/hotel/2012/index.de.shtml
Mercure,Mercure, 118 Rue de Tocqueville  75017 paris  frankreich ,https://all.accor.com/hotel/A6S7/index.de.shtml
Ibis Hotels,Ibis Hotels, 10 rue Bernard Buffet  75017 paris  frankreich ,https://all.accor.com/hotel/2189/index.de.shtml
Mercure,Mercure, 216 Avenue Jean Jaures  75019 paris  frankreich ,https://all.accor.com/hotel/8816/index.de.shtml
Adagio Access,Adagio Access, 203 rue de Paris  94220 charenton-le-pont  frankreich ,https://all.accor.com/hotel/8365/index.de.shtml
HotelF1,HotelF1," 290-302, Rue Etienne Marcel  ZAC Eugène Barlain  93170 bagnolet  frankreich ",https://all.accor.com/hotel/3488/index.de.shtml
Novotel,Novotel, 1 Avenue de la Republique  93177 bagnolet  frankreich ,https://all.accor.com/hotel/0380/index.de.shtml
Ibis Budget,Ibis Budget," 2, Avenue Léon Gaumont  75020 paris  frankreich ",https://all.accor.com/hotel/3086/index.de.shtml
Adagio,Adagio, 14 rue du Théatre  75015 paris  frankreich ,https://all.accor.com/hotel/6790/index.de.shtml
Mercure,Mercure," 6,  rue Saint Lambert  75015 paris  frankreich ",https://all.accor.com/hotel/0903/index.de.shtml
Ibis Styles,Ibis Styles, 192 rue de La Croix Nivert  75015 paris  frankreich ,https://all.accor.com/hotel/7308/index.de.shtml
Ibis Budget,Ibis Budget," 3, rue Jean Jaurès  93170 bagnolet  frankreich ",https://all.accor.com/hotel/2585/index.de.shtml
Ibis Hotels,Ibis Hotels, 1 rue Jean Jaures  93170 bagnolet  frankreich ,https://all.accor.com/hotel/0633/index.de.shtml
Adagio,Adagio, 96 Rue Gabriel Peri  92120 montrouge  frankreich ,https://all.accor.com/hotel/6987/index.de.shtml
Novotel,Novotel, 61 quai de Grenelle  75015 paris  frankreich ,https://all.accor.com/hotel/3546/index.de.shtml
Greet,Greet, 7-9 Impasse Marteau  75018 paris  frankreich ,https://all.accor.com/hotel/5091/index.de.shtml
Ibis Budget,Ibis Budget, 7 IMPASSE MARTEAU  75018 paris  frankreich ,https://all.accor.com/hotel/B9H3/index.de.shtml
Novotel Suites,Novotel Suites, 1 Impasse Marteau  75018 paris  frankreich ,https://all.accor.com/hotel/4983/index.de.shtml
Adagio,Adagio, 60 Avenue Pierre Brossolette  92240 malakoff  frankreich ,https://all.accor.com/hotel/A242/index.de.shtml
Adagio Access,Adagio Access, 28 bis avenue Corentin Cariou  75019 paris  frankreich ,https://all.accor.com/hotel/8368/index.de.shtml
Ibis Budget,Ibis Budget," 45, Rue du Docteur Babinski  75018 paris  frankreich ",https://all.accor.com/hotel/2597/index.de.shtml
Mercure,Mercure, 22 Avenue Jean Lolive  93500 pantin  frankreich ,https://all.accor.com/hotel/2799/index.de.shtml
HotelF1,HotelF1," 29, Rue du Docteur Babinski  75018 paris  frankreich ",https://all.accor.com/hotel/2539/index.de.shtml
Novotel,Novotel, 3-5 place des Marseillais  94227 charenton le pont  frankreich ,https://all.accor.com/hotel/1549/index.de.shtml
Ibis Budget,Ibis Budget, 110 rue Jean Bleuzen  92170 vanves  frankreich ,https://all.accor.com/hotel/2602/index.de.shtml
Novotel,Novotel, 4 Av De La Porte De La Plaine  75015 paris  frankreich ,https://all.accor.com/hotel/A7L6/index.de.shtml
Mercure,Mercure, 69 boulevard Victor  75015 paris  frankreich ,https://all.accor.com/hotel/1131/index.de.shtml
Novotel,Novotel, 34 Av Porte d 'Asnières  75017 paris  frankreich ,https://all.accor.com/hotel/4987/index.de.shtml
Mama Shelter,Mama Shelter, 20 Av. de la Porte de la Plaine  75015 paris  frankreich ,https://all.accor.com/hotel/B1C3/index.de.shtml
Ibis Hotels,Ibis Hotels," 15, boulevard Victor Hugo  Place des Nations-Unies  92110 clichy  frankreich ",https://all.accor.com/hotel/3298/index.de.shtml
Mercure,Mercure, 10 Avenue Emile Zola  75015 paris  frankreich ,https://all.accor.com/hotel/2955/index.de.shtml
Mercure,Mercure, 36 38  rue du moulin  92170 vanves  frankreich ,https://all.accor.com/hotel/0375/index.de.shtml
Mercure,Mercure, 5 allée de la Seine  94200 ivry sur seine  frankreich ,https://all.accor.com/hotel/6357/index.de.shtml
Ibis Hotels,Ibis Hotels," 43, rue Jean  Bleuzen  92170 vanves  frankreich ",https://all.accor.com/hotel/1827/index.de.shtml
Adagio Access,Adagio Access, 50 boulevard de Brandebourg  94200 ivry-sur-seine  frankreich ,https://all.accor.com/hotel/8367/index.de.shtml
Adagio,Adagio, 20 rue d'Oradour sur Glane  75015 paris  frankreich ,https://all.accor.com/hotel/6786/index.de.shtml
Adagio Access,Adagio Access, 26 rue Jean Bleuzen  92170 vanves  frankreich ,https://all.accor.com/hotel/8382/index.de.shtml
Adagio,Adagio, 16 rue Eliane Jeannin Garreau  92130 issy les moulineaux  frankreich ,https://all.accor.com/hotel/6797/index.de.shtml
Ibis Budget,Ibis Budget," 96-98, Avenue du Général Leclerc  93500 pantin  frankreich ",https://all.accor.com/hotel/3088/index.de.shtml
Ibis Hotels,Ibis Hotels, 24 rue de Trebois  92300 levallois perret  frankreich ,https://all.accor.com/hotel/5479/index.de.shtml
Ibis Hotels,Ibis Hotels," 153, Avenue Jean Lolive  93500 pantin  frankreich ",https://all.accor.com/hotel/2082/index.de.shtml
Mercure,Mercure, 48 rue Chaptal  92300 levallois perret  frankreich ,https://all.accor.com/hotel/8518/index.de.shtml
Adagio Access,Adagio Access, 5 Rue Aristide Briand  92170 vanves  frankreich ,https://all.accor.com/hotel/8386/index.de.shtml
Ibis Styles,Ibis Styles," 15, avenue Jean Jaures  92130 issy les moulineaux  frankreich ",https://all.accor.com/hotel/1402/index.de.shtml
Mercure,Mercure, 19 Rue Paul Vaillant Couturier  92300 levallois perret  frankreich ,https://all.accor.com/hotel/B132/index.de.shtml
Novotel Suites,Novotel Suites, 86 Rue Camille Desmoulins  92130 issy les moulineaux  frankreich ,https://all.accor.com/hotel/7115/index.de.shtml
Ibis Styles,Ibis Styles, 10 bis Rue du Chateau  92600 asnieres sur seine  frankreich ,https://all.accor.com/hotel/7351/index.de.shtml
Mgallery by Sofitel,Mgallery by Sofitel, 13 rue Nungesser et Coli  75016 paris  frankreich ,https://all.accor.com/hotel/7326/index.de.shtml
Mercure,Mercure, 37 place René Clair  92100 boulogne billancourt  frankreich ,https://all.accor.com/hotel/6188/index.de.shtml
Mercure,Mercure, 63 Place René Clair  92100 boulogne billancourt  frankreich ,https://all.accor.com/hotel/6243/index.de.shtml
Ibis Styles,Ibis Styles, 19 Avenue Ferdinand Buisson  75016 paris  frankreich ,https://all.accor.com/hotel/B045/index.de.shtml
Ibis Budget,Ibis Budget," 12, rue Jacques-henri Lartigue  ZAC Garibaldi  92130 issy-les-moulineaux  frankreich ",https://all.accor.com/hotel/2596/index.de.shtml
Ibis Hotels,Ibis Hotels, 213 Rue Jean Jacques Rousseau  92130 issy les moulineaux  frankreich ,https://all.accor.com/hotel/7848/index.de.shtml
Ibis Hotels,Ibis Hotels, 39 Quai Paul Doumer  Accès piéton: 60 rue Victor Hugo  92400 courbevoie  frankreich ,https://all.accor.com/hotel/3296/index.de.shtml
Ibis Budget,Ibis Budget, 37 Quai du Président Paul Doumer  Accès Piéton: 60 Rue Victor Hugo  92400 courbevoie  frankreich ,https://all.accor.com/hotel/3583/index.de.shtml
Novotel,Novotel, 2 Boulevard de Neuilly  PARIS La Défense 1 CEDEX  92081 la defense  frankreich ,https://all.accor.com/hotel/0747/index.de.shtml
Adagio Access,Adagio Access, 16 Rue des Frères Chausson  92600 asnieres-sur-seine  frankreich ,https://all.accor.com/hotel/8447/index.de.shtml
Ibis Hotels,Ibis Hotels, 4 Boulevard de Neuilly  La Défense 1 - Pont de Neuilly  Paris LA DEFENSE  92400 courbevoie  frankreich ,https://all.accor.com/hotel/0771/index.de.shtml
Adagio,Adagio, 2-4 Place des Pléiades  92400 courbevoie  frankreich ,https://all.accor.com/hotel/9297/index.de.shtml
Adagio,Adagio, 35 Cours Michelet  La Défense 10  92060 paris la defense  frankreich ,https://all.accor.com/hotel/2816/index.de.shtml
Mgallery by Sofitel,Mgallery by Sofitel, GPS: 33 Voie des Sculpteurs  92800 Puteaux  POSTALE:34 cours michelet  92060 paris la defense  frankreich ,https://all.accor.com/hotel/0912/index.de.shtml
Mercure,Mercure, 30 rue Baudin  Place Charras  92400 courbevoie  frankreich ,https://all.accor.com/hotel/1546/index.de.shtml
Adagio,Adagio, 73 avenue Gambetta  92400 courbevoie  frankreich ,https://all.accor.com/hotel/6788/index.de.shtml
Adagio Access,Adagio Access, 1 rue de Bitche  92400 courbevoie  frankreich ,https://all.accor.com/hotel/8361/index.de.shtml
Ibis Budget,Ibis Budget," 3 bis, rue de Paris  92190 meudon  frankreich ",https://all.accor.com/hotel/6277/index.de.shtml
Ibis Hotels,Ibis Hotels, 12 Rue de la Ferme  92100 boulogne billancourt  frankreich ,https://all.accor.com/hotel/6245/index.de.shtml
Ibis Styles,Ibis Styles, 99 rue du Capitaine Guynemer  92400 courbevoie  frankreich ,https://all.accor.com/hotel/9293/index.de.shtml
Ibis Hotels,Ibis Hotels, 72 Avenue de Stalingrad  94550 chevilly larue  frankreich ,https://all.accor.com/hotel/5040/index.de.shtml
Novotel,Novotel, 7 rue du Port aux Vins  92150 suresnes  frankreich ,https://all.accor.com/hotel/1143/index.de.shtml
Ibis Budget,Ibis Budget, 252 Rue du Maréchal Leclerc  ZAC Vivendi/ OTV  94410 saint maurice  frankreich ,https://all.accor.com/hotel/2712/index.de.shtml
Ibis Hotels,Ibis Hotels," 6, rue des Bourets  92150 suresnes  frankreich ",https://all.accor.com/hotel/0716/index.de.shtml
Pullman,Pullman, 11 Avenue de l'Arche  92400 courbevoie  frankreich ,https://all.accor.com/hotel/3013/index.de.shtml
Adagio,Adagio, 1 Rue des Lilas d'Espagne  92400 courbevoie  frankreich ,https://all.accor.com/hotel/6787/index.de.shtml
Adagio Access,Adagio Access, 88 rue des Etudiants  92400 courbevoie  frankreich ,https://all.accor.com/hotel/8363/index.de.shtml
Novotel,Novotel, 11-13 grande rue  92310 sevres  frankreich ,https://all.accor.com/hotel/1979/index.de.shtml
Mercure,Mercure, 17/20 Esplanade Ch. de Gaulle  Rue des Trois Fontanot  xxx  92000 nanterre  frankreich ,https://all.accor.com/hotel/1982/index.de.shtml
Ibis Hotels,Ibis Hotels, 36/38 avenue  Champs Pierreux  92000 nanterre  frankreich ,https://all.accor.com/hotel/1554/index.de.shtml
Ibis Budget,Ibis Budget, 38 avenue Georges Clémenceau  92000 nanterre  frankreich ,https://all.accor.com/hotel/7265/index.de.shtml
Ibis Hotels,Ibis Hotels," 7, Route du Colonel Marcel  Moraine  92360 meudon la foret  frankreich ",https://all.accor.com/hotel/0948/index.de.shtml
Ibis Hotels,Ibis Hotels," 16, boulevard de l'Hopital Stell  92500 rueil malmaison  frankreich ",https://all.accor.com/hotel/1407/index.de.shtml
Ibis Styles,Ibis Styles, Avenue Jacqueline Auriol  Orlytech  91550 paray vieille poste  frankreich ,https://all.accor.com/hotel/B0N0/index.de.shtml
Ibis Budget,Ibis Budget, 147 Boulevard National  92500 rueil malmaison  frankreich ,https://all.accor.com/hotel/3589/index.de.shtml
Novotel Suites,Novotel Suites, 17 Rue François Jacob  92500 rueil malmaison  frankreich ,https://all.accor.com/hotel/3326/index.de.shtml
Novotel,Novotel, 21 Avenue Edouard Belin  92500 rueil malmaison  frankreich ,https://all.accor.com/hotel/1609/index.de.shtml
Ibis Hotels,Ibis Hotels, Na Porici 5  11000 prague  czech republic ,https://all.accor.com/hotel/5477/index.de.shtml
Mgallery by Sofitel,Mgallery by Sofitel, Na Porici 7  PRAGUE 1  11000 prag  czech republic ,https://all.accor.com/hotel/3440/index.de.shtml
Ibis Hotels,Ibis Hotels, Katerinska 36  12000 prague  czech republic ,https://all.accor.com/hotel/3195/index.de.shtml
Novotel,Novotel, 38 Katerinska  12000 prague  czech republic ,https://all.accor.com/hotel/3194/index.de.shtml
Mama Shelter,Mama Shelter, Veletrzni 1502 20  170 00 prag 7 - holesovice  czech republic ,https://all.accor.com/hotel/B0X1/index.de.shtml
Ibis Hotels,Ibis Hotels, Plzenska 14  PRAHA 5  Smichov  15000 prague  czech republic ,https://all.accor.com/hotel/5211/index.de.shtml
Novotel,Novotel, 113 Lambeth  road  SE1 7LS london  united kingdom ,https://all.accor.com/hotel/1785/index.de.shtml
Sofitel,Sofitel, 6 Waterloo Place  SW1Y 4AN london  united kingdom ,https://all.accor.com/hotel/3144/index.de.shtml
Fairmont,Fairmont, Strand  WC2R 0EZ london  united kingdom ,https://all.accor.com/hotel/A597/index.de.shtml
Ibis Hotels,Ibis Hotels, 49 Blackfriars road  SE1 8NZ london  united kingdom ,https://all.accor.com/hotel/7943/index.de.shtml
Novotel,Novotel, 46 Blackfriars Road  SE1 8NZ london  united kingdom ,https://all.accor.com/hotel/7942/index.de.shtml
Mercure,Mercure, 71-79 Southwark Street  SE1 0JA london  united kingdom ,https://all.accor.com/hotel/2814/index.de.shtml
Novotel,Novotel, 53-61 Southwark Bridge Road  SE1 9HH london  united kingdom ,https://all.accor.com/hotel/3269/index.de.shtml
Ibis Styles,Ibis Styles, 43-47 Southwark Bridge Road  SE1 9HH london  united kingdom ,https://all.accor.com/hotel/7465/index.de.shtml
Mercure,Mercure, 130 134 Southampton Row  WC1B 5AF london  united kingdom ,https://all.accor.com/hotel/8066/index.de.shtml
Mantis,Mantis, 26 Cadogan Gardens London  SW32RP london  united kingdom ,https://all.accor.com/hotel/B409/index.de.shtml
Pullman,Pullman, 100 - 110 Euston Road  NW1 2AJ london  united kingdom ,https://all.accor.com/hotel/5309/index.de.shtml
Novotel,Novotel, 10 Pepys Street  EC3N 2NR london  united kingdom ,https://all.accor.com/hotel/3107/index.de.shtml
Mercure,Mercure, 8-14 Talbot Square  Paddington  W2 1TS london  united kingdom ,https://all.accor.com/hotel/A002/index.de.shtml
Mercure,Mercure, 144 Praed Street  Paddington  W2 1HU london  united kingdom ,https://all.accor.com/hotel/8062/index.de.shtml
Ibis Styles,Ibis Styles, 110 Cromwell Road  SW74ES london  united kingdom ,https://all.accor.com/hotel/B1C5/index.de.shtml
Ibis Hotels,Ibis Hotels, 5 Commercial Street  E1 6BF london  united kingdom ,https://all.accor.com/hotel/5011/index.de.shtml
Mondrian,Mondrian, 45 Curtain Road  Hackney  EC2A3PT london  united kingdom ,https://all.accor.com/hotel/B896/index.de.shtml
Novotel,Novotel, 3 Kingdom Street  Sheldon Square  Paddington  W2 6BD london  united kingdom ,https://all.accor.com/hotel/6455/index.de.shtml
Ibis Styles,Ibis Styles, 15 25 Hogarth Road  Earls Court  SW50QJ london  united kingdom ,https://all.accor.com/hotel/9603/index.de.shtml
Ibis Budget,Ibis Budget, 100 Whitechapel Road  E1 1JG london  united kingdom ,https://all.accor.com/hotel/8033/index.de.shtml
Ibis Hotels,Ibis Hotels, 47 Lillie Road  Earl's Court  SW6 1UD london  united kingdom ,https://all.accor.com/hotel/5623/index.de.shtml
Mama Shelter,Mama Shelter, 437 Hackney Road  E2 8PP london  united kingdom ,https://all.accor.com/hotel/B3F3/index.de.shtml
Ibis Hotels,Ibis Hotels, 3-5 Rockley road  W14 0DJ london  united kingdom ,https://all.accor.com/hotel/7813/index.de.shtml
Novotel,Novotel, 1 Shortlands  Hammersmith  Hammersmith  W6 8DR london  united kingdom ,https://all.accor.com/hotel/0737/index.de.shtml
Novotel,Novotel, 40 Marsh Wall  E14 9TP london  united kingdom ,https://all.accor.com/hotel/9057/index.de.shtml
Novotel,Novotel, 173-185 Greenwich High Road  SE108JA london  united kingdom ,https://all.accor.com/hotel/3476/index.de.shtml
Ibis Hotels,Ibis Hotels," 1, Baffin Way  Off Preston Road  E14 9PE london  united kingdom ",https://all.accor.com/hotel/2177/index.de.shtml
Ibis Hotels,Ibis Hotels, 30 Stockwell  street  Greenwich  SE10 9JN london  united kingdom ,https://all.accor.com/hotel/0975/index.de.shtml
Ibis Hotels,Ibis Hotels, 8 Silvertown Way  E16 1ED london  united kingdom ,https://all.accor.com/hotel/A070/index.de.shtml
Adagio,Adagio, 42 Celebration Avenue  E20 1DB stratford london  united kingdom ,https://all.accor.com/hotel/9721/index.de.shtml
Ibis Hotels,Ibis Hotels, 1A Romford Road  Stratford  E15 4LJ london  united kingdom ,https://all.accor.com/hotel/3099/index.de.shtml
Ibis Hotels,Ibis Hotels, 9 Western Gateway  Royal Victoria Dock  E16 1AB london  united kingdom ,https://all.accor.com/hotel/3655/index.de.shtml
Novotel,Novotel, 7 Western Gateway  Royal Victoria Dock  E16 1AA london  united kingdom ,https://all.accor.com/hotel/3656/index.de.shtml
Ibis Styles,Ibis Styles, 272 Victoria Dock Road  E16 3BY london  united kingdom ,https://all.accor.com/hotel/8712/index.de.shtml
Ibis Styles,Ibis Styles, 543 and 586  Lea Bridge Road  LEYTON  E10 7EB london  united kingdom ,https://all.accor.com/hotel/8063/index.de.shtml
Ibis Styles,Ibis Styles, 585 589 London Road  Thornton Heath  London  CR7 6AY london  united kingdom ,https://all.accor.com/hotel/8088/index.de.shtml
Novotel,Novotel, Great West Road  TW80GP brentford  united kingdom ,https://all.accor.com/hotel/6995/index.de.shtml
Adagio,Adagio, Key Eye Tower  Ealing Road  Brentford  TW8 0FL london  united kingdom ,https://all.accor.com/hotel/A697/index.de.shtml
Novotel,Novotel, 5 Olympic Way  Wembley  HA9 0NP london  united kingdom ,https://all.accor.com/hotel/9389/index.de.shtml
Ibis Hotels,Ibis Hotels, South Way  Wembley  Sat Nav Use HA9 8AD  HA9 6BA london  united kingdom ,https://all.accor.com/hotel/3141/index.de.shtml
Ibis Styles,Ibis Styles, 32-38 Uxbridge Road  Ealing  W52BS london  united kingdom ,https://all.accor.com/hotel/9475/index.de.shtml
Ibis Budget,Ibis Budget, Highbridge Road  Essex  IG11 7BA barking  united kingdom ,https://all.accor.com/hotel/3188/index.de.shtml
Ibis Hotels,Ibis Hotels, Highbridge road  IG11 7BA barking essex  united kingdom ,https://all.accor.com/hotel/2042/index.de.shtml
Ibis Budget,Ibis Budget, 18 Elmfield Road  BR1 1LR bromley  united kingdom ,https://all.accor.com/hotel/B8F6/index.de.shtml
Adagio,Adagio, Sutton Ct Rd  Sutton  SM14FS london  united kingdom ,https://all.accor.com/hotel/B5V6/index.de.shtml
Ibis Hotels,Ibis Hotels, 8 Sutton Plaza  Sutton Ct Road  Sutton  SM1 4FS london  united kingdom ,https://all.accor.com/hotel/B5J1/index.de.shtml
Ibis Styles,Ibis Styles, Cameron Road  IG3 8LG london  united kingdom ,https://all.accor.com/hotel/B5V2/index.de.shtml
Ibis Budget,Ibis Budget, 20 28 Staines Road  For Car Park use 65 Grove Road  TW3 3PU  TW3 3JS london  united kingdom ,https://all.accor.com/hotel/6465/index.de.shtml
Ibis Hotels,Ibis Hotels, Elstree Way  Borehamwood  WD6 1JY london  united kingdom ,https://all.accor.com/hotel/6186/index.de.shtml
Mercure,Mercure, Shepiston Lane  Hayes  Middlesex  UB3 1LP london  united kingdom ,https://all.accor.com/hotel/9651/index.de.shtml
Ibis Hotels,Ibis Hotels," 112 Bath Rd, Hayes, Middlesex  London Heathrow Airport  UB3 5AL london  united kingdom ",https://all.accor.com/hotel/0794/index.de.shtml
Novotel,Novotel, 234 Bath Road  Heathrow Point West  Heathrow  UB3 5AP london  united kingdom ,https://all.accor.com/hotel/A1C1/index.de.shtml
Ibis Styles,Ibis Styles, 272 Bath Road  Harlington  HEATHROW  UB3 5AY london  united kingdom ,https://all.accor.com/hotel/9714/index.de.shtml
Novotel,Novotel, Cherry Lane  West Drayton  junction 4m4  UB7 9HJ heathrow  united kingdom ,https://all.accor.com/hotel/1551/index.de.shtml
Ibis Styles,Ibis Styles, 115 South Street  RM1 1SS romford  united kingdom ,https://all.accor.com/hotel/B806/index.de.shtml
Mercure,Mercure, A41 Watford Bypass  WD25 8JH watford  united kingdom ,https://all.accor.com/hotel/8326/index.de.shtml
Sofitel,Sofitel, Terminal 5  London Heathrow Airport  TW6 2GD london  united kingdom ,https://all.accor.com/hotel/6214/index.de.shtml
Ibis Budget,Ibis Budget," Calder Way,  Horton Road  Colnbrook  SL30AT heathrow  united kingdom ",https://all.accor.com/hotel/B8D1/index.de.shtml
Ibis Hotels,Ibis Hotels, Weston  Avenue  West Thurrock  Essex  RM20 3JQ grays  united kingdom ,https://all.accor.com/hotel/2176/index.de.shtml
Mercure,Mercure, Thames Street  TW18 4SJ staines  united kingdom ,https://all.accor.com/hotel/6620/index.de.shtml
Mercure,Mercure, Essex Lane  WD4 8PN watford  united kingdom ,https://all.accor.com/hotel/B048/index.de.shtml
Mercure,Mercure, At the Foot of Box Hill  RH5 6BX dorking  united kingdom ,https://all.accor.com/hotel/6635/index.de.shtml
Mercure,Mercure, Brands Hatch  DA3 8PE dartford  united kingdom ,https://all.accor.com/hotel/A0I7/index.de.shtml
Other brand,Other brand, Southern Way  CM18 7BA harlow  united kingdom ,https://all.accor.com/hotel/B542/index.de.shtml
Mgallery,Mgallery, 18 High Street  SL4 1LER windsor  united kingdom ,https://all.accor.com/hotel/6618/index.de.shtml
Ibis Budget,Ibis Budget, M40 J2 services  Hedgerley Road  Burtley wood  HP9 2SE beaconsfield  united kingdom ,https://all.accor.com/hotel/6598/index.de.shtml
Sofitel,Sofitel, North terminal  Gatwick Airport  West Sussex  RH6 0PH crawley  united kingdom ,https://all.accor.com/hotel/6204/index.de.shtml
Ibis Hotels,Ibis Hotels, Spittlesea Road  LU2 9NZ luton  united kingdom ,https://all.accor.com/hotel/1040/index.de.shtml
Swissotel,Swissotel, Damrak 96  1012 LP amsterdam  niederlande ,https://all.accor.com/hotel/A599/index.de.shtml
Mgallery by Sofitel,Mgallery by Sofitel, Nieuwezijds Voorburgwal 67  1012 RE amsterdam  niederlande ,https://all.accor.com/hotel/1159/index.de.shtml
Sofitel Legend,Sofitel Legend, Oudezijds Voorburgwal 197 A  1012 EX amsterdam  niederlande ,https://all.accor.com/hotel/9838/index.de.shtml
Sofitel Legend,Sofitel Legend, Oudezijds Voorburgwal 197  1012 EX amsterdam  niederlande ,https://all.accor.com/hotel/2783/index.de.shtml
Ibis Styles,Ibis Styles, Martelaarsgracht 10  1012 TP amsterdam  niederlande ,https://all.accor.com/hotel/9137/index.de.shtml
Ibis Hotels,Ibis Hotels, Stationsplein 49  1012 AB amsterdam  niederlande ,https://all.accor.com/hotel/1556/index.de.shtml
Ibis Hotels,Ibis Hotels, Valkenburgerstraat 68  1011 LZ amsterdam  niederlande ,https://all.accor.com/hotel/3044/index.de.shtml
Mövenpick,Mövenpick, Piet Heinkade 11  1019 BR amsterdam  niederlande ,https://all.accor.com/hotel/B4I7/index.de.shtml
Ibis Styles,Ibis Styles, Stadhouderskade 131  1074 AW amsterdam  niederlande ,https://all.accor.com/hotel/9009/index.de.shtml
Ibis Styles,Ibis Styles, Stadhouderskade 135  1074 AZ amsterdam  niederlande ,https://all.accor.com/hotel/8220/index.de.shtml
Ibis Hotels,Ibis Hotels, Transformatorweg 36  1014 AK amsterdam  niederlande ,https://all.accor.com/hotel/5140/index.de.shtml
Tribe,Tribe, Termini 9  1022LB amsterdam  niederlande ,https://all.accor.com/hotel/B7W1/index.de.shtml
Mercure,Mercure, Termini 11  1022LB amsterdam  niederlande ,https://all.accor.com/hotel/B7R7/index.de.shtml
Mercure,Mercure, Naritaweg 1  1043 BP amsterdam  niederlande ,https://all.accor.com/hotel/9844/index.de.shtml
Novotel,Novotel, Europaboulevard 10  1083 AD amsterdam  niederlande ,https://all.accor.com/hotel/0515/index.de.shtml
Mercure,Mercure, Joan Muyskenweg 10  1096 CJ amsterdam  niederlande ,https://all.accor.com/hotel/1244/index.de.shtml
Adagio,Adagio, Professor J.H. Bavincklaan 5  1183 AT amstelveen  niederlande ,https://all.accor.com/hotel/B355/index.de.shtml
Ibis Budget,Ibis Budget, Prof J H Bavincklaan 1  1183 AT amstelveen  niederlande ,https://all.accor.com/hotel/A3P2/index.de.shtml
Mercure,Mercure, Oude Haagseweg 20  1066 BW amsterdam  niederlande ,https://all.accor.com/hotel/1315/index.de.shtml
Ibis Hotels,Ibis Hotels, Schipholweg 181  1171 PK badhoevedorp  niederlande ,https://all.accor.com/hotel/0649/index.de.shtml
Ibis Budget,Ibis Budget, Schipholweg 185  1171 PK badhoevedorp  niederlande ,https://all.accor.com/hotel/5097/index.de.shtml
Ibis Styles,Ibis Styles, Piet Guilonardweg 3  1117 EE schiphol  niederlande ,https://all.accor.com/hotel/B480/index.de.shtml
Mercure,Mercure, AMSTERDAM AIRPORT SCHIPHOL  TERMINAL BUILDING  PO Box 75041  1117 ZN schiphol  niederlande ,https://all.accor.com/hotel/1730/index.de.shtml
Novotel,Novotel, Taurusavenue 12  2132 LS hoofddorp  niederlande ,https://all.accor.com/hotel/7060/index.de.shtml
Ibis Styles,Ibis Styles, A.W.F. Idenburglaan 2  2024 AX haarlem  niederlande ,https://all.accor.com/hotel/B0M8/index.de.shtml
Ibis Budget,Ibis Budget, Lilienthalstrasse 18  OT Waltersdorf  12529 schoenefeld  deutschland ,https://all.accor.com/hotel/2647/index.de.shtml
So/,So/, Praterstrasse 1  1020 vienna  austria ,https://all.accor.com/hotel/6599/index.de.shtml
Novotel,Novotel, Aspernbrueckengasse 1  1020 vienna  austria ,https://all.accor.com/hotel/6154/index.de.shtml
Mercure,Mercure, Fleischmarkt 1a  1010 vienna  austria ,https://all.accor.com/hotel/0781/index.de.shtml
Mercure,Mercure, Hollandstrasse 3  1020 vienna  austria ,https://all.accor.com/hotel/1568/index.de.shtml
Adagio,Adagio, Uraniastrasse 2  1010 vienna  austria ,https://all.accor.com/hotel/7216/index.de.shtml
Mercure,Mercure, Desider Friedmann Platz 2  1010 vienna  austria ,https://all.accor.com/hotel/9959/index.de.shtml
Ibis Styles,Ibis Styles, Franzensbrückenstrasse 26  Leopoldstadt  1020 wien  austria ,https://all.accor.com/hotel/B1C2/index.de.shtml
Mercure,Mercure, Landstrasser Hauptstrasse 28  1030 vienna  austria ,https://all.accor.com/hotel/5357/index.de.shtml
Mgallery by Sofitel,Mgallery by Sofitel, Am Heumarkt 35-37  1030 wien  austria ,https://all.accor.com/hotel/1276/index.de.shtml
Ibis Hotels,Ibis Hotels, Lassallestrasse 7a  1020 vienna  austria ,https://all.accor.com/hotel/2736/index.de.shtml
Ibis Budget,Ibis Budget, Lassallestrasse 7  1020 vienna  austria ,https://all.accor.com/hotel/7098/index.de.shtml
Novotel Suites,Novotel Suites, Radingerstrasse 2  1020 wien  austria ,https://all.accor.com/hotel/3720/index.de.shtml
25Hours,25Hours, Lerchenfelder Strasse 1-3  1070 wien  austria ,https://all.accor.com/hotel/B146/index.de.shtml
Ibis Styles,Ibis Styles, Döblinger Hauptstrasse 2  1190 vienna  austria ,https://all.accor.com/hotel/9034/index.de.shtml
Ibis Hotels,Ibis Hotels, Canettistrasse 8  Garage Karl Popper Str 4  1100 vienna  austria ,https://all.accor.com/hotel/8564/index.de.shtml
Novotel,Novotel, Canettistrasse 6  Garage Karl Popper Str 4  1100 wien  austria ,https://all.accor.com/hotel/8565/index.de.shtml
Ibis Hotels,Ibis Hotels, Schoenbrunnerstrasse 92  1050 vienna  austria ,https://all.accor.com/hotel/3747/index.de.shtml
Mercure,Mercure, Felberstrasse 4  1150 vienna  austria ,https://all.accor.com/hotel/5358/index.de.shtml
Jo&Joe,Jo&Joe, Europaplatz 1 6  1150 wien  austria ,https://all.accor.com/hotel/B677/index.de.shtml
Ibis Hotels,Ibis Hotels, Mariahilfer Gürtel  22-24  1060 vienna  austria ,https://all.accor.com/hotel/0796/index.de.shtml
Mercure,Mercure, Wallgasse 23  1060 vienna  austria ,https://all.accor.com/hotel/A0Q7/index.de.shtml
Ibis Budget,Ibis Budget, Franzosengraben 15  A 1030 vienna  austria ,https://all.accor.com/hotel/3706/index.de.shtml
Ibis Hotels,Ibis Hotels, Raststation Schwechat S1  2320 schwechat  austria ,https://all.accor.com/hotel/9320/index.de.shtml
Ibis Budget,Ibis Budget, Suederhofenden 14 /  Nicolaistraße (am ZOB)  24937 flensburg  deutschland ,https://all.accor.com/hotel/3097/index.de.shtml
Ibis Styles,Ibis Styles, Holstenbruecke 26  24103 kiel  deutschland ,https://all.accor.com/hotel/A744/index.de.shtml
Adagio Access,Adagio Access, Holstenbrucke 28  24103 kiel  deutschland ,https://all.accor.com/hotel/A732/index.de.shtml
Mercure,Mercure, Hansestrasse 3  23558 luebeck  deutschland ,https://all.accor.com/hotel/B740/index.de.shtml
Ibis Hotels,Ibis Hotels, Fackenburger Allee 54  23554 luebeck  deutschland ,https://all.accor.com/hotel/2205/index.de.shtml
Ibis Budget,Ibis Budget, Berlinerstr. 1 - 1a  23560 luebeck  deutschland ,https://all.accor.com/hotel/3189/index.de.shtml
